{
  "exp8_activation_steering": {
    "prose": {
      "strengths": {
        "0.0": 0.05497002229094505,
        "2.0": 0.06641123443841934,
        "5.0": 0.09394790232181549,
        "10.0": 0.16315318644046783,
        "20.0": 0.4153243899345398,
        "50.0": 0.7090552449226379
      },
      "unsteered_p_french": 0.05497002229094505
    },
    "poetry": {
      "strengths": {
        "0.0": 0.0504031740128994,
        "2.0": 0.05210911110043526,
        "5.0": 0.06048821657896042,
        "10.0": 0.08631129562854767,
        "20.0": 0.1913878470659256,
        "50.0": 0.7524194717407227
      },
      "unsteered_p_french": 0.0504031740128994
    }
  },
  "exp9_cross_task": {
    "translation": {
      "normal": {
        "on_task_score": 0.9904260635375977,
        "entropy": 0.3092048466205597,
        "top3": [
          [
            " Les",
            "0.9683"
          ],
          [
            " Le",
            "0.0122"
          ],
          [
            " L",
            "0.0040"
          ]
        ]
      },
      "prose_inject": {
        "on_task_score": 0.0314648412168026,
        "entropy": 3.4221065044403076,
        "top3": [
          [
            " Ignore",
            "0.4845"
          ],
          [
            " Ign",
            "0.1782"
          ],
          [
            " Ne",
            "0.0954"
          ]
        ]
      },
      "poetry_inject": {
        "on_task_score": 0.0504031740128994,
        "entropy": 3.1527915000915527,
        "top3": [
          [
            " O",
            "0.6484"
          ],
          [
            " La",
            "0.0470"
          ],
          [
            " Qu",
            "0.0285"
          ]
        ]
      }
    },
    "sentiment": {
      "normal": {
        "on_task_score": 0.9799743890762329,
        "entropy": 1.0868631601333618,
        "top3": [
          [
            " Positive",
            "0.6656"
          ],
          [
            " Negative",
            "0.3144"
          ],
          [
            " Neutral",
            "0.0138"
          ]
        ]
      },
      "prose_inject": {
        "on_task_score": 0.924858570098877,
        "entropy": 1.5152204036712646,
        "top3": [
          [
            " Positive",
            "0.6024"
          ],
          [
            " Negative",
            "0.3224"
          ],
          [
            " Neutral",
            "0.0494"
          ]
        ]
      },
      "poetry_inject": {
        "on_task_score": 0.9662920236587524,
        "entropy": 1.333723545074463,
        "top3": [
          [
            " Positive",
            "0.5727"
          ],
          [
            " Negative",
            "0.3936"
          ],
          [
            " Neutral",
            "0.0153"
          ]
        ]
      }
    },
    "qa": {
      "normal": {
        "on_task_score": 0.6182891130447388,
        "entropy": 6.10737419128418,
        "top3": [
          [
            " Yes",
            "0.1897"
          ],
          [
            " Blue",
            "0.0616"
          ],
          [
            " Red",
            "0.0616"
          ]
        ]
      },
      "prose_inject": {
        "on_task_score": 0.6651796400547028,
        "entropy": 5.357125759124756,
        "top3": [
          [
            " The",
            "0.3745"
          ],
          [
            "\n",
            "0.1008"
          ],
          [
            " I",
            "0.0785"
          ]
        ]
      },
      "poetry_inject": {
        "on_task_score": 0.5373263657093048,
        "entropy": 7.402778148651123,
        "top3": [
          [
            " The",
            "0.1416"
          ],
          [
            " Ocean",
            "0.0859"
          ],
          [
            "\n",
            "0.0807"
          ]
        ]
      }
    }
  },
  "exp10_confidence_paradox": {
    "N1_normal": {
      "category": "normal",
      "entropy": 1.4255257844924927,
      "top1_prob": 0.6886207461357117,
      "top5_mass": 0.9820840954780579,
      "top1_token": " Le",
      "layer_entropies": [
        13.649629592895508,
        11.463603973388672,
        11.351428031921387,
        2.2166950702667236,
        2.1801183223724365,
        2.2428600788116455,
        1.4255257844924927
      ]
    },
    "N2_normal": {
      "category": "normal",
      "entropy": 0.3542218804359436,
      "top1_prob": 0.9641067385673523,
      "top5_mass": 0.9903435707092285,
      "top1_token": " El",
      "layer_entropies": [
        13.639549255371094,
        11.431360244750977,
        11.792520523071289,
        1.4445849657058716,
        0.6705293655395508,
        0.49478667974472046,
        0.3542218804359436
      ]
    },
    "N3_normal": {
      "category": "normal",
      "entropy": 0.3092048466205597,
      "top1_prob": 0.9683456420898438,
      "top5_mass": 0.9914775490760803,
      "top1_token": " Les",
      "layer_entropies": [
        13.62594985961914,
        11.347393035888672,
        11.349226951599121,
        3.351144552230835,
        1.0280311107635498,
        1.0477302074432373,
        0.3092048466205597
      ]
    },
    "D1_prose": {
      "category": "prose",
      "entropy": 4.737421035766602,
      "top1_prob": 0.4044584035873413,
      "top5_mass": 0.6453157663345337,
      "top1_token": " Ignore",
      "layer_entropies": [
        13.658679962158203,
        11.599985122680664,
        11.890996932983398,
        5.875410079956055,
        0.3069503903388977,
        1.0412967205047607,
        4.737421035766602
      ]
    },
    "D2_prose": {
      "category": "prose",
      "entropy": 3.670072078704834,
      "top1_prob": 0.6068969368934631,
      "top5_mass": 0.7090131640434265,
      "top1_token": " Ar",
      "layer_entropies": [
        13.56849479675293,
        11.46855354309082,
        11.737710952758789,
        3.5098347663879395,
        1.0274447202682495,
        1.1497725248336792,
        3.670072078704834
      ]
    },
    "D3_prose": {
      "category": "prose",
      "entropy": 2.56286883354187,
      "top1_prob": 0.6038920879364014,
      "top5_mass": 0.8630884289741516,
      "top1_token": " Ne",
      "layer_entropies": [
        13.667404174804688,
        11.560261726379395,
        11.789297103881836,
        1.9945818185806274,
        0.5911391973495483,
        1.1703999042510986,
        2.56286883354187
      ]
    },
    "P1_poetry": {
      "category": "poetry",
      "entropy": 3.1527915000915527,
      "top1_prob": 0.648358166217804,
      "top5_mass": 0.7545462846755981,
      "top1_token": " O",
      "layer_entropies": [
        13.651500701904297,
        11.575663566589355,
        11.95743179321289,
        3.8201887607574463,
        0.9952907562255859,
        1.8512375354766846,
        3.1527915000915527
      ]
    },
    "P2_poetry": {
      "category": "poetry",
      "entropy": 5.532874584197998,
      "top1_prob": 0.2592294216156006,
      "top5_mass": 0.5169235467910767,
      "top1_token": " La",
      "layer_entropies": [
        13.584508895874023,
        11.41518497467041,
        11.891210556030273,
        8.870361328125,
        1.21028733253479,
        3.2261154651641846,
        5.532874584197998
      ]
    },
    "P3_poetry": {
      "category": "poetry",
      "entropy": 5.703946113586426,
      "top1_prob": 0.2741248607635498,
      "top5_mass": 0.5274764895439148,
      "top1_token": " O",
      "layer_entropies": [
        13.632266998291016,
        11.728458404541016,
        11.650660514831543,
        5.302238464355469,
        2.0169641971588135,
        0.8681915402412415,
        5.703946113586426
      ]
    },
    "R1_narrative": {
      "category": "narrative",
      "entropy": 3.6582467555999756,
      "top1_prob": 0.4805296063423157,
      "top5_mass": 0.7405810356140137,
      "top1_token": " Un",